<?xml version="1.0" encoding="UTF-8"?>
<teamcity-plugin xmlns:xsi="http://www.w3.org/2001/XMLSchema-instance"
                 xsi:noNamespaceSchemaLocation="urn:shemas-jetbrains-com:teamcity-plugin-v1-xml">
    <info>
        <name>jmeter</name>
        <display-name>JMeter</display-name>
        <version>@version@</version>
        <description>Performance test analysis(JMeter and other tests)</description>
        <!--<vendor>-->
        <!--<name>@Plugin_Vendor@</name>-->
        <!--<url>@Plugin_Vendor_Url@</url>-->
        <!--</vendor>-->
    </info>
    <deployment use-separate-classloader="true"/>
</teamcity-plugin>
